<?xml version="1.0" encoding="UTF-8"?>
<beans xmlns="http://www.springframework.org/schema/beans"
	xmlns:xsi="http://www.w3.org/2001/XMLSchema-instance" xmlns:p="http://www.springframework.org/schema/p"
	xmlns:context="http://www.springframework.org/schema/context"
	xmlns:mvc="http://www.springframework.org/schema/mvc"
	xsi:schemaLocation=" 
           http://www.springframework.org/schema/beans 
           http://www.springframework.org/schema/beans/spring-beans-3.0.xsd 
           http://www.springframework.org/schema/context 
           http://www.springframework.org/schema/context/spring-context-3.0.xsd
           http://www.springframework.org/schema/mvc 
           http://www.springframework.org/schema/mvc/spring-mvc-3.0.xsd"
	default-autowire="byName">
	<!-- 静态资源-->
	<mvc:resources mapping="/images/**" location="/images/" />
	<mvc:resources mapping="/javascripts/**" location="/javascripts/" />
	<mvc:resources mapping="/styles/**" location="/styles/" />
	<mvc:resources mapping="/fonts/**" location="/fonts/" />
	<mvc:resources mapping="/selfcheck/**" location="/selfcheck/" />
	<!-- 扫描 -->
	<context:component-scan base-package="com.itcast.tsc.*.controller" />
	<!-- 匹配页面 -->
	<bean
		class="org.springframework.web.servlet.view.InternalResourceViewResolver">
		<property name="prefix" value="/WEB-INF/view/" />
		<property name="suffix" value=".jsp" />
	</bean>
	<!-- severlet初始化 -->
	<bean id="InitStart" lazy-init="false" init-method="InitSystem" class="com.itcast.tsc.util.InitStart" />
	<mvc:annotation-driven />
</beans>